{
  "tex2DShader": [
    "tex2D.vs",
    "tex2D.fs"
  ],
  "quadShader": [
    "quad.vs",
    "quad.fs"
  ],
  "textShader": [
    "text.vs",
    "text.gs",
    "text.fs"
  ],

  "blockShader": [
    "block.vs",
    "block.gs",
    "block.fs"
  ],
  "targetBlockShader": [
    "block.vs",
    "block.gs",
    "targetBlock.fs"
  ],
  "cloudShader": [
    "cloud.vs",
    "cloud.gs",
    "cloud.fs"
  ],
  "skyboxShader": [
    "skybox.vs",
    "skybox.fs"
  ],
  "simplexShader": [
    "simplex4D.vs",
    "simplex4D.gs",
    "simplex4D.fs"
  ],
  "simplexColorShader": [
    "simplex4D.vs",
    "simplex4D.gs",
    "simplexColor4D.fs"
  ],
  "simplexNormalShader": [
    "simplexNormal4D.vs",
    "simplexNormal4D.gs",
    "simplexNormal4D.fs"
  ],
  "simplexColorNormalShader": [
    "simplexNormal4D.vs",
    "simplexNormal4D.gs",
    "simplexColorNormal4D.fs"
  ],
  "simplexSolidColorNormalShader": [
    "simplexSolidColorNormal4D.vs",
    "simplexSolidColorNormal4D.gs",
    "simplexSolidColorNormal4D.fs"
  ],
  "simplexSolidColorShader": [
    "simplexSolidColor4D.vs",
    "simplexSolidColor4D.gs",
    "simplexSolidColor4D.fs"
  ],
  "simplexColorAlphaShader": [
    "simplex4D.vs",
    "simplex4D.gs",
    "simplexColorAlpha4D.fs"
  ],
  "moonShader": [
    "simplex4D.vs",
    "simplex4D.gs",
    "moon.fs"
  ],
  "blockTutorial3DShader": [
    "blockTutorial3D.vs",
    "blockTutorial3D.fs"
  ],
  "blockTutorial2DShader": [
    "blockTutorial2D.vs",
    "blockTutorial2D.gs",
    "blockTutorial2D.fs"
  ],
  "blockCrossSectionEdgesShader": [
    "blockCrossSectionEdges.vs",
    "blockCrossSectionEdges.gs",
    "blockCrossSectionEdges.fs"
  ],
  "blockCrossSectionAreaShader": [
    "blockCrossSectionArea.vs",
    "blockCrossSectionArea.gs",
    "blockCrossSectionArea.fs"
  ],
  "wireframeShader": [
    "wireframe4D.vs",
    "wireframe4D.fs"
  ],
  "wireframeColorShader": [
    "wireframeColor4D.vs",
    "wireframeColor4D.fs"
  ],
  "solidColor3DShader": [
    "solidColor3D.vs",
    "solidColor3D.fs"
  ]
}