[{"attributes":{"item":{"attributes":{},"count":1,"name":"Health Potion"}},"name":"Item","position":{"w":94.37592315673828,"x":-83.42636108398438,"y":43.099998474121094,"z":132.38458251953125}},{"attributes":{"item":{"attributes":{},"count":3,"name":"Hypersilk"}},"name":"Item","position":{"w":95.32673645019531,"x":-81.73576354980469,"y":43.099998474121094,"z":134.1420440673828}},{"attributes":{"item":{"attributes":{},"count":3,"name":"Hypersilk"}},"name":"Item","position":{"w":93.02532958984375,"x":-81.28520965576172,"y":44.099998474121094,"z":132.21742248535156}},{"attributes":{"item":{"attributes":{},"count":3,"name":"Health Potion"}},"name":"Item","position":{"w":93.03175354003906,"x":-81.34484100341797,"y":44.099998474121094,"z":132.36721801757813}}]