[{"attributes":{"inventory":[{"attributes":{},"count":22,"name":"Dirt"},{},{},{},{"attributes":{},"count":12,"name":"Midnight Soil"},{},{},{},{},{},{},{},{},{},{},{},{},{},{},{},{},{},{},{},{},{},{},{},{},{},{},{}]},"name":"Chest","position":{"w":57.0,"x":7.0,"y":39.0,"z":28.0}},{"attributes":{"inventory":[{},{},{},{},{},{},{},{},{},{},{},{},{},{},{},{},{},{},{},{},{},{},{},{},{},{},{},{},{},{},{},{}]},"name":"Chest","position":{"w":57.0,"x":7.0,"y":41.0,"z":28.0}},{"attributes":{"inventory":[{},{},{},{},{},{},{},{},{},{},{},{},{},{},{},{},{},{},{},{},{},{},{},{},{},{},{},{},{},{},{},{}]},"name":"Chest","position":{"w":57.0,"x":6.0,"y":39.0,"z":28.0}},{"attributes":{"inventory":[{},{},{},{},{},{},{},{},{},{},{},{},{},{},{},{},{},{},{},{},{},{},{},{},{},{},{},{},{},{},{},{}]},"name":"Chest","position":{"w":56.0,"x":6.0,"y":39.0,"z":28.0}},{"attributes":{"inventory":[{},{},{},{},{},{},{},{},{},{},{},{},{},{},{},{},{},{},{},{},{},{},{},{},{},{},{},{},{},{},{},{}]},"name":"Chest","position":{"w":57.0,"x":6.0,"y":41.0,"z":28.0}},{"attributes":{"inventory":[{},{},{},{},{},{},{},{},{},{},{},{},{},{},{},{},{},{},{},{},{},{},{},{},{},{},{},{},{},{},{},{}]},"name":"Chest","position":{"w":56.0,"x":6.0,"y":41.0,"z":28.0}}]