[{"attributes":{"item":{"attributes":{},"count":1,"name":"Midnight Stone"}},"name":"Item","position":{"w":0.46287474036216736,"x":143.27960205078125,"y":30.100000381469727,"z":-489.5989990234375}},{"attributes":{"item":{"attributes":{},"count":1,"name":"Midnight Stone"}},"name":"Item","position":{"w":0.5516051650047302,"x":143.45458984375,"y":30.100000381469727,"z":-489.4554748535156}},{"attributes":{"item":{"attributes":{},"count":1,"name":"Midnight Stone"}},"name":"Item","position":{"w":0.19929108023643494,"x":143.65431213378906,"y":30.100000381469727,"z":-489.4534606933594}},{"attributes":{"item":{"attributes":{},"count":1,"name":"Midnight Stone"}},"name":"Item","position":{"w":0.5471559762954712,"x":143.78480529785156,"y":32.099998474121094,"z":-491.4376220703125}},{"attributes":{"item":{"attributes":{},"count":1,"name":"Midnight Soil"}},"name":"Item","position":{"w":0.4887505769729614,"x":142.2835693359375,"y":33.099998474121094,"z":-491.3240966796875}},{"attributes":{"item":{"attributes":{},"count":1,"name":"Midnight Stone"}},"name":"Item","position":{"w":0.6970503926277161,"x":142.61578369140625,"y":33.099998474121094,"z":-491.44140625}},{"attributes":{"item":{"attributes":{},"count":1,"name":"Midnight Soil"}},"name":"Item","position":{"w":0.5711681246757507,"x":142.42970275878906,"y":33.099998474121094,"z":-491.5376892089844}},{"attributes":{"item":{"attributes":{},"count":1,"name":"Midnight Soil"}},"name":"Item","position":{"w":0.44604533910751343,"x":142.59295654296875,"y":35.099998474121094,"z":-493.81048583984375}},{"attributes":{"item":{"attributes":{},"count":1,"name":"Midnight Soil"}},"name":"Item","position":{"w":0.28789064288139343,"x":142.5149688720703,"y":34.099998474121094,"z":-492.4466857910156}},{"attributes":{"item":{"attributes":{},"count":1,"name":"Midnight Soil"}},"name":"Item","position":{"w":0.3833521902561188,"x":141.27159118652344,"y":36.099998474121094,"z":-493.4010009765625}},{"attributes":{"item":{"attributes":{},"count":1,"name":"Midnight Grass"}},"name":"Item","position":{"w":0.4657212793827057,"x":142.77894592285156,"y":35.099998474121094,"z":-493.5466003417969}},{"attributes":{"item":{"attributes":{},"count":1,"name":"Midnight Grass"}},"name":"Item","position":{"w":0.7807349562644958,"x":141.4117431640625,"y":36.099998474121094,"z":-493.55755615234375}}]