[{"attributes":{"inventory":[{},{},{},{},{},{},{},{},{},{},{},{},{},{},{},{},{},{},{},{},{},{},{},{},{},{},{},{},{},{},{},{}]},"name":"Chest","position":{"w":55.0,"x":6.0,"y":39.0,"z":28.0}},{"attributes":{"inventory":[{},{},{},{},{},{},{},{},{},{},{},{},{},{},{},{},{},{},{},{},{},{},{},{},{},{},{},{},{},{},{},{}]},"name":"Chest","position":{"w":55.0,"x":7.0,"y":39.0,"z":28.0}},{"attributes":{"inventory":[{},{},{},{},{},{},{},{},{},{},{},{},{},{},{},{},{},{},{},{},{},{},{},{},{},{},{},{},{},{},{},{}]},"name":"Chest","position":{"w":55.0,"x":6.0,"y":41.0,"z":28.0}},{"attributes":{"inventory":[{},{},{},{},{},{},{},{},{},{},{},{},{},{},{},{},{},{},{},{},{},{},{},{},{},{},{},{},{},{},{},{}]},"name":"Chest","position":{"w":55.0,"x":7.0,"y":41.0,"z":28.0}}]