[{"attributes":{"item":{"attributes":{},"count":1,"name":"Midnight Wood"}},"name":"Item","position":{"w":115.3013916015625,"x":-83.41093444824219,"y":48.099998474121094,"z":107.66600036621094}},{"attributes":{"item":{"attributes":{},"count":1,"name":"Midnight Wood"}},"name":"Item","position":{"w":115.30618286132813,"x":-83.7344970703125,"y":48.099998474121094,"z":107.33869171142578}},{"attributes":{"item":{"attributes":{},"count":1,"name":"Midnight Wood"}},"name":"Item","position":{"w":115.69990539550781,"x":-84.58702087402344,"y":48.099998474121094,"z":107.27651977539063}},{"attributes":{"item":{"attributes":{},"count":1,"name":"Midnight Wood"}},"name":"Item","position":{"w":115.77865600585938,"x":-84.65744018554688,"y":48.099998474121094,"z":107.37440490722656}}]