{
	"Air": {
		"type": "block",
		"baseAttributes": {
			"id": 0
		}
	},
	"Grass": {
		"type": "block",
		"baseAttributes": {
			"id": 1
		}
	},
	"Dirt": {
		"type": "block",
		"baseAttributes": {
			"id": 2
		}
	},
	"Stone": {
		"type": "block",
		"baseAttributes": {
			"id": 3
		}
	},
	"Wood": {
		"type": "block",
		"baseAttributes": {
			"id": 4
		}
	},
	"Leaf": {
		"type": "block",
		"baseAttributes": {
			"id": 5
		}
	},
	"Lava": {
		"type": "block",
		"baseAttributes": {
			"id": 6
		}
	},
	"Iron Ore": {
		"type": "block",
		"baseAttributes": {
			"id": 7
		}
	},
	"Deadly Ore": {
		"type": "block",
		"baseAttributes": {
			"id": 8
		}
	},
	"Chest": {
		"type": "block",
		"baseAttributes": {
			"id": 9
		}
	},
	"Midnight Grass": {
		"type": "block",
		"baseAttributes": {
			"id": 10
		}
	},
	"Midnight Soil": {
		"type": "block",
		"baseAttributes": {
			"id": 11
		}
	},
	"Midnight Stone": {
		"type": "block",
		"baseAttributes": {
			"id": 12
		}
	},
	"Midnight Wood": {
		"type": "block",
		"baseAttributes": {
			"id": 13
		}
	},
	"Midnight Leaf": {
		"type": "block",
		"baseAttributes": {
			"id": 14
		}
	},
	"Stick": {
		"type": "tool",
		"baseAttributes": {
		}
	},
	"Hammer": {
		"type": "tool",
		"baseAttributes": {
		}
	},
	"Iron Pick": {
		"type": "tool",
		"baseAttributes": {
		}
	},
	"Deadly Pick": {
		"type": "tool",
		"baseAttributes": {
		}
	},
	"Iron Axe": {
		"type": "tool",
		"baseAttributes": {
		}
	},
	"Deadly Axe": {
		"type": "tool",
		"baseAttributes": {
		}
	},
	"Rock": {
		"type": "material",
		"baseAttributes": {
		}
	},
	"Hypersilk": {
		"type": "material",
		"baseAttributes": {
		}
	},
	"Iron Bars": {
		"type": "material",
		"baseAttributes": {
		}
	},
	"Deadly Bars": {
		"type": "material",
		"baseAttributes": {
		}
	},
	"Compass": {
		"type": "material",
		"baseAttributes": {
		}
	},
	"4D Glasses": {
		"type": "material",
		"baseAttributes": {
		}
	},
	"Klein Bottle": {
		"type": "material",
		"baseAttributes": {
		}
	},
	"Health Potion": {
		"type": "material",
		"baseAttributes": {
		}
	}
}